PASS	200	9ef7fce5129ed1d882639620217a731e25aa57558929abedbaac7bfdc657b31d	9ef7fce5129ed1d882639620217a731e25aa57558929abedbaac7bfdc657b31d	_app/immutable/assets/bundle.oAmIsIaD.css
PASS	200	c39bcde3d8eff0273762cae49dc9217c386d8bb5de9cfb7586277fea34e1157e	c39bcde3d8eff0273762cae49dc9217c386d8bb5de9cfb7586277fea34e1157e	_app/immutable/bundle.C3EQj71q.js
PASS	200	493b7dcfcb44bf6e93c2cc9b872fa85bab77bd59ce4d3750cbdcab46c3276d1a	493b7dcfcb44bf6e93c2cc9b872fa85bab77bd59ce4d3750cbdcab46c3276d1a	apple-splash-landscape-1136x640.png
PASS	200	7bf6f1ac725ab0ec24cb4d003f947acc325df20ef3e4194fecb8b261729f4b54	7bf6f1ac725ab0ec24cb4d003f947acc325df20ef3e4194fecb8b261729f4b54	apple-splash-landscape-1334x750.png
PASS	200	074c1a672c2245b9ca0209d8a673ad2306e3be144605ed8ba5e114b97e6c7511	074c1a672c2245b9ca0209d8a673ad2306e3be144605ed8ba5e114b97e6c7511	apple-splash-landscape-2266x1488.png
PASS	200	ae6ce15888d3855b2c94ea2b2339919e79097b3cc2945b84487ea9fe248b1806	ae6ce15888d3855b2c94ea2b2339919e79097b3cc2945b84487ea9fe248b1806	apple-splash-landscape-2360x1640.png
PASS	200	d703efa06bec8aacb0076f894d717c1b2622316693bfafda39800ff2091d0283	d703efa06bec8aacb0076f894d717c1b2622316693bfafda39800ff2091d0283	apple-splash-landscape-2388x1668.png
PASS	200	00dd5c0ded4678ccfc61546640c15b7176675e7022c551afd6cd7b98c5cf9d44	00dd5c0ded4678ccfc61546640c15b7176675e7022c551afd6cd7b98c5cf9d44	apple-splash-landscape-2532x1170.png
PASS	200	1fe51da8322b461c0086d11b5dff16db0fc78cc4c0a96c70294a05242ebd3528	1fe51da8322b461c0086d11b5dff16db0fc78cc4c0a96c70294a05242ebd3528	apple-splash-landscape-2556x1179.png
PASS	200	478ef9ecceb2f2c6c9d4c59dbe88abea5e00aec8dd0a164c392b66414bdfe480	478ef9ecceb2f2c6c9d4c59dbe88abea5e00aec8dd0a164c392b66414bdfe480	apple-splash-landscape-2622x1206.png
PASS	200	ba6c6ce3420bd034955acc797b3fd6f7d098fc9e3da77b44e3975031354f7e9f	ba6c6ce3420bd034955acc797b3fd6f7d098fc9e3da77b44e3975031354f7e9f	apple-splash-landscape-2732x2048.png
PASS	200	f8efef0f58c3d66b2b7b3e515d03e45aad6379266927ac2e1ee953dba8c7a8b5	f8efef0f58c3d66b2b7b3e515d03e45aad6379266927ac2e1ee953dba8c7a8b5	apple-splash-landscape-2778x1284.png
PASS	200	23f6e559135368ef4c8fa2c5dfbdab6c937b54ef810b9e2e609077dbe3da31e2	23f6e559135368ef4c8fa2c5dfbdab6c937b54ef810b9e2e609077dbe3da31e2	apple-splash-landscape-2796x1290.png
PASS	200	c1320361f7b214c4f3865d50082230b7ae855ce5795da33dbc28a5c8432a8ae1	c1320361f7b214c4f3865d50082230b7ae855ce5795da33dbc28a5c8432a8ae1	apple-splash-landscape-2868x1320.png
PASS	200	f66efed3c2b67da0fa716a7bde6dcc5540957e50c73c003884921dea4e79bfdc	f66efed3c2b67da0fa716a7bde6dcc5540957e50c73c003884921dea4e79bfdc	apple-splash-landscape-dark-1136x640.png
PASS	200	c095522fba04ddd57cbd3e473b647e017edfadeff71ed0a0fd91349649cc9168	c095522fba04ddd57cbd3e473b647e017edfadeff71ed0a0fd91349649cc9168	apple-splash-landscape-dark-1334x750.png
PASS	200	ff0d397701b1ff4ab36bc193b7688271125ad853d590126c9b2cc2ed7d02ee3e	ff0d397701b1ff4ab36bc193b7688271125ad853d590126c9b2cc2ed7d02ee3e	apple-splash-landscape-dark-2266x1488.png
PASS	200	8242b07696870a82dcb891344fa791613763c7a2a3110afcb00974a5559c25d2	8242b07696870a82dcb891344fa791613763c7a2a3110afcb00974a5559c25d2	apple-splash-landscape-dark-2360x1640.png
PASS	200	e70d3e26d0c3e800ea2fd1e116d4a26bc68e9fb6450225b5892ad9e5794c5292	e70d3e26d0c3e800ea2fd1e116d4a26bc68e9fb6450225b5892ad9e5794c5292	apple-splash-landscape-dark-2388x1668.png
PASS	200	29aab021ccdfe2c566aff5b6527e548c4da6ffe58d6a61a1707509221bcc79d1	29aab021ccdfe2c566aff5b6527e548c4da6ffe58d6a61a1707509221bcc79d1	apple-splash-landscape-dark-2532x1170.png
PASS	200	9095f7e31d13a18af6cda1295299f85e7646e2d72e6f4ae039f409bfbc0a41d2	9095f7e31d13a18af6cda1295299f85e7646e2d72e6f4ae039f409bfbc0a41d2	apple-splash-landscape-dark-2556x1179.png
PASS	200	573e27a11d07879956860907274e50a76af0082d62f756b990c8ff3087328f0c	573e27a11d07879956860907274e50a76af0082d62f756b990c8ff3087328f0c	apple-splash-landscape-dark-2622x1206.png
PASS	200	eecd347ce8d92ca87a88d26ec657a73c6039a9800ea6fd81b7c1d4eade5523ab	eecd347ce8d92ca87a88d26ec657a73c6039a9800ea6fd81b7c1d4eade5523ab	apple-splash-landscape-dark-2732x2048.png
PASS	200	79a6756774386cf0af5a80a78336ca3e948d392d141dc72ed176960c6c05d27f	79a6756774386cf0af5a80a78336ca3e948d392d141dc72ed176960c6c05d27f	apple-splash-landscape-dark-2778x1284.png
PASS	200	70a7ea8ff70e06b85c69a33b7dfd690914ee24b24b599346d2fb45ab493f3de9	70a7ea8ff70e06b85c69a33b7dfd690914ee24b24b599346d2fb45ab493f3de9	apple-splash-landscape-dark-2796x1290.png
PASS	200	48424f25a11d6b642436b8d9bfcd7e680e6066b147b527bfa11044616ecbe11a	48424f25a11d6b642436b8d9bfcd7e680e6066b147b527bfa11044616ecbe11a	apple-splash-landscape-dark-2868x1320.png
PASS	200	c35a132b380a7d62aaa97f0d1b422a6e9b91f9aff1a381ad32934c6e73c22f8e	c35a132b380a7d62aaa97f0d1b422a6e9b91f9aff1a381ad32934c6e73c22f8e	apple-splash-portrait-1170x2532.png
PASS	200	04f753d0c1bc895af9c32781f62962ac00b0a6e45cf870e24b275ea608945b62	04f753d0c1bc895af9c32781f62962ac00b0a6e45cf870e24b275ea608945b62	apple-splash-portrait-1179x2556.png
PASS	200	40db7bf17e032ef0d53c5a6de06180513ba5a17bd569d3fd1759c4f7365bf2ff	40db7bf17e032ef0d53c5a6de06180513ba5a17bd569d3fd1759c4f7365bf2ff	apple-splash-portrait-1206x2622.png
PASS	200	8d89cf2b152ce04aa0c778e82b72323bf54b249f993dba984f2e17844e4d1326	8d89cf2b152ce04aa0c778e82b72323bf54b249f993dba984f2e17844e4d1326	apple-splash-portrait-1284x2778.png
PASS	200	3f0c0cd3847c465517e896b8e8a1d98dce89c60e54cedea84af7da5a50305536	3f0c0cd3847c465517e896b8e8a1d98dce89c60e54cedea84af7da5a50305536	apple-splash-portrait-1290x2796.png
PASS	200	18045fa2986fd618c28d672ec4270ef70f06afd563dbd168694ea483a3d58c96	18045fa2986fd618c28d672ec4270ef70f06afd563dbd168694ea483a3d58c96	apple-splash-portrait-1320x2868.png
PASS	200	5d2fd6aa59808a415e4665ff923a2b0aa19a0da989c77722d25a79209eb20a52	5d2fd6aa59808a415e4665ff923a2b0aa19a0da989c77722d25a79209eb20a52	apple-splash-portrait-1488x2266.png
PASS	200	0af569653ac90f5ea9d6a07d764e8aa655eddfa76cca8c4d3c1e63d869dde4e4	0af569653ac90f5ea9d6a07d764e8aa655eddfa76cca8c4d3c1e63d869dde4e4	apple-splash-portrait-1640x2360.png
PASS	200	d74b6a435cb6feb873f980d9fb5486b6362a5603b6bbeb9fa2a97cea177ce97a	d74b6a435cb6feb873f980d9fb5486b6362a5603b6bbeb9fa2a97cea177ce97a	apple-splash-portrait-1668x2388.png
PASS	200	08d85d2bf00c5f20dd27d6eb4aa711447b303f5b8b2a0da184fed83c0062810b	08d85d2bf00c5f20dd27d6eb4aa711447b303f5b8b2a0da184fed83c0062810b	apple-splash-portrait-2048x2732.png
PASS	200	0765df6eed4188740d620e6a4b279fa2d981301c74082e440b6e321f5cb83c0e	0765df6eed4188740d620e6a4b279fa2d981301c74082e440b6e321f5cb83c0e	apple-splash-portrait-640x1136.png
PASS	200	3bbea52ee933f83ff0ce7cd5ad7bb52c146f428f880056fe60a599cae22afb18	3bbea52ee933f83ff0ce7cd5ad7bb52c146f428f880056fe60a599cae22afb18	apple-splash-portrait-750x1334.png
PASS	200	360adb051cc4aa6b353089ae7b46fa6a0d64a54524838c2dab77e30a1fff80f7	360adb051cc4aa6b353089ae7b46fa6a0d64a54524838c2dab77e30a1fff80f7	apple-splash-portrait-dark-1170x2532.png
PASS	200	36203157ee60a03f8e4459fceb40f602a29aecde4f37176c02737aea443235f8	36203157ee60a03f8e4459fceb40f602a29aecde4f37176c02737aea443235f8	apple-splash-portrait-dark-1179x2556.png
PASS	200	ca012a8437e441ffcd6403042686d7d57fc408c0166d67f90ec362243e2a6188	ca012a8437e441ffcd6403042686d7d57fc408c0166d67f90ec362243e2a6188	apple-splash-portrait-dark-1206x2622.png
PASS	200	c87c6ce396cc92f4e6f0f98a1288dde3201fd8fec36db3f88c0c553b61cec0ab	c87c6ce396cc92f4e6f0f98a1288dde3201fd8fec36db3f88c0c553b61cec0ab	apple-splash-portrait-dark-1284x2778.png
PASS	200	6e91aefbcb101c33269a2507d98d9d79a90e8f04f856635e2f51b59e8cb819e8	6e91aefbcb101c33269a2507d98d9d79a90e8f04f856635e2f51b59e8cb819e8	apple-splash-portrait-dark-1290x2796.png
PASS	200	e9184634ca99bc34031883d3983208a3de2cfebb94d6bdeac22101e59440d4ce	e9184634ca99bc34031883d3983208a3de2cfebb94d6bdeac22101e59440d4ce	apple-splash-portrait-dark-1320x2868.png
PASS	200	fb743eb009c0c6da8f33f999528f252a481062cc8b1166d76b17c880fe17c48d	fb743eb009c0c6da8f33f999528f252a481062cc8b1166d76b17c880fe17c48d	apple-splash-portrait-dark-1488x2266.png
PASS	200	1451c9c5c9744bc6129bc34c2d03dde8a7bb0819d0693ca79e717893252d2d5f	1451c9c5c9744bc6129bc34c2d03dde8a7bb0819d0693ca79e717893252d2d5f	apple-splash-portrait-dark-1640x2360.png
PASS	200	994d543db51dd1053861dad346540e5b53fc63e15bfaf44e21977f5b2c5a841a	994d543db51dd1053861dad346540e5b53fc63e15bfaf44e21977f5b2c5a841a	apple-splash-portrait-dark-1668x2388.png
PASS	200	7246b87514e7c06818ef251e9494e8e7b39c690f5f873335a8374798d1c98f94	7246b87514e7c06818ef251e9494e8e7b39c690f5f873335a8374798d1c98f94	apple-splash-portrait-dark-2048x2732.png
PASS	200	92ae274e3176964422fda2e26b8bc91d69a05b2474c6af7aa5645a8c7f3f39c4	92ae274e3176964422fda2e26b8bc91d69a05b2474c6af7aa5645a8c7f3f39c4	apple-splash-portrait-dark-640x1136.png
PASS	200	b7e60345346212ee56b0a8d0708f5c0cf5b32e0762058c3a2f2bfb474cc5d237	b7e60345346212ee56b0a8d0708f5c0cf5b32e0762058c3a2f2bfb474cc5d237	apple-splash-portrait-dark-750x1334.png
PASS	200	9638ef69f02fc5bc67e44f6c8c9f8bec0153aa272afdd851aa91389e9c3a298a	9638ef69f02fc5bc67e44f6c8c9f8bec0153aa272afdd851aa91389e9c3a298a	apple-touch-icon-180x180.png
PASS	200	d318c9c407a733178b31b945bfc9825ab2bdbd28d128bf397620aed049c835b0	d318c9c407a733178b31b945bfc9825ab2bdbd28d128bf397620aed049c835b0	_app/version.json
PASS	200	f6215a2d784113d7908aa27f236746cde5ef49540ed53a9750f9c7a99c75e825	f6215a2d784113d7908aa27f236746cde5ef49540ed53a9750f9c7a99c75e825	build.json
PASS	200	bf3f11aebeba82317f971a5a1c27707720e86dac95325c9beeadc61278ab0bdb	bf3f11aebeba82317f971a5a1c27707720e86dac95325c9beeadc61278ab0bdb	favicon-dark.ico
PASS	200	0df4862c27bce2161c86ee36d9b6c6272c354f91025d0a690e7d46d6cb032988	0df4862c27bce2161c86ee36d9b6c6272c354f91025d0a690e7d46d6cb032988	favicon-dark.svg
PASS	200	185c18728e7476d2911dfc508a12437faaccac5c31dd972a096cc73cd704aceb	185c18728e7476d2911dfc508a12437faaccac5c31dd972a096cc73cd704aceb	favicon.ico
PASS	200	5ab26e56914d750a73010b8a65f1cc81394ddcae46f90e4681023f459ab33b06	5ab26e56914d750a73010b8a65f1cc81394ddcae46f90e4681023f459ab33b06	favicon.svg
PASS	200	4ab280087a87e416e289ace909b912837cc7156749c3e089d24ba93419f24b04	4ab280087a87e416e289ace909b912837cc7156749c3e089d24ba93419f24b04	index.html
PASS	200	1856d8180ea3c3f19dac8c3354d3d59b6949b240868e3c7aa54249aab6f6f26d	1856d8180ea3c3f19dac8c3354d3d59b6949b240868e3c7aa54249aab6f6f26d	manifest.webmanifest
PASS	200	421fb239b1214855d2dea741769c144f0bf0567e4b5c6c58d3db4a41236ec8ba	421fb239b1214855d2dea741769c144f0bf0567e4b5c6c58d3db4a41236ec8ba	maskable-icon-512x512.png
PASS	200	dc8c53052067727fdb62f8872457e7716ef16553f7b1db17f4ab29f709be0950	dc8c53052067727fdb62f8872457e7716ef16553f7b1db17f4ab29f709be0950	pwa-192x192.png
PASS	200	b8756d856a0bb7a5d2fe081119315da8dfbddadde2f8020bbc6eaab423a19245	b8756d856a0bb7a5d2fe081119315da8dfbddadde2f8020bbc6eaab423a19245	pwa-512x512.png
PASS	200	c5e91dd629e2f070d8f1097e1a8689abba8f9b0f072830e825f24232fa96ce06	c5e91dd629e2f070d8f1097e1a8689abba8f9b0f072830e825f24232fa96ce06	pwa-64x64.png
PASS	200	5d42a0cad320600ee0ebb805065f212a81a257895e9dc39687b7958602ea4f70	5d42a0cad320600ee0ebb805065f212a81a257895e9dc39687b7958602ea4f70	recommended-mcp/context7.png
PASS	200	b7207abacfbffefedde6faacd2a8750b8cbdd421ebdc756381b3bc9665939ada	b7207abacfbffefedde6faacd2a8750b8cbdd421ebdc756381b3bc9665939ada	recommended-mcp/exa.ico
PASS	200	bf0a7086aa8828289df0e48c1a9a57e14fe5b437fba84c7eff4d305d1d074ff1	bf0a7086aa8828289df0e48c1a9a57e14fe5b437fba84c7eff4d305d1d074ff1	recommended-mcp/github-dark.png
PASS	200	74cf90ac2fe6624ab1056cacea11cf7ed4f8bef54bbb0e869638013bba45bc08	74cf90ac2fe6624ab1056cacea11cf7ed4f8bef54bbb0e869638013bba45bc08	recommended-mcp/github-light.png
PASS	200	7266292a5073388702cfca169d26766460cb90ba978bacc95c914ad7a5c611cb	7266292a5073388702cfca169d26766460cb90ba978bacc95c914ad7a5c611cb	recommended-mcp/huggingface.ico
PASS	200	608fa5bb7e451dab63459f33d208bbb02c9a92581b7d84e29ba89edb8b95f59d	608fa5bb7e451dab63459f33d208bbb02c9a92581b7d84e29ba89edb8b95f59d	sw.js
PASS	200	da1e7f839a1e93ec217925d558d19dbfd97bb0e8ee143cb4da651a895305b7bd	da1e7f839a1e93ec217925d558d19dbfd97bb0e8ee143cb4da651a895305b7bd	workbox-b3c04f83.js
