epoch	phase	elapsed	rss_kib	pss_kib	read_bytes	minflt	majflt	blkio_ticks	mem_available_kib	swap_free_kib	pswpin_delta	pswpout_delta	pgmaj_delta
1785484821	startup	0	6124	7454	0	1007	0	0	30557964	8388604	0	0	0
1785484822	startup	1	108888	104307	16596992	72543	0	0	30306984	8388604	0	0	0
1785484823	startup	2	13067304	13104593	297054208	522855	0	0	29386728	8388604	0	0	0
1785484824	startup	3	13392920	13388307	297054208	588051	0	0	29139124	8388604	0	0	0
1785484824	pressure	3	13393080	13388458	297054208	588076	0	0	28879192	8388604	0	0	9
1785484826	pressure	5	13393080	13388459	297054208	588076	0	0	24683620	8388604	0	0	9
1785484827	pressure	6	13393080	13388459	297054208	588076	0	0	20398084	8386284	0	647	10
1785484828	pressure	7	13210912	13206290	297054208	588076	0	0	18660652	8380744	0	1955	11
1785484833	pressure	12	13210912	13206292	297054208	588076	0	0	18659636	8380744	0	1955	11
1785484833	request	12	13210912	13206534	297054208	588145	0	0	18657800	8380744	0	1955	11
1785484834	request	13	13233328	13228648	324370432	594422	49	0	18642064	8380744	0	1955	60
1785484835	request	14	13233328	13228648	324370432	594422	49	0	18641204	8380744	0	1955	60
1785484837	request	16	13233328	13228649	324370432	594422	49	0	18640196	8380744	0	1955	60
1785484838	request	17	13305140	13300462	414773248	606832	146	0	18629524	8380744	0	1955	155
1785484839	request	18	13305140	13300460	414773248	606832	146	0	18629792	8380744	0	1955	155
1785484840	request	19	13305140	13300460	414773248	606832	146	0	18630980	8380744	0	1955	155
1785484841	request	20	13314916	13310238	415121408	607497	147	0	18630492	8380744	0	1955	156
1785484842	request	21	13314916	13310236	415121408	607497	147	0	18632128	8380744	0	1955	156
1785484844	request	23	13291096	13286417	434200576	638913	159	0	18551028	8380744	0	1955	175
1785484845	request	24	13291096	13286417	434200576	638913	159	0	18549480	8380744	0	1955	176
1785484846	request	25	13291096	13286418	434200576	638913	159	0	18549012	8380744	0	1955	176
1785484847	request	26	13291096	13286418	434200576	638913	159	0	18548280	8380744	0	1955	176
1785484848	request	27	13246416	13241736	562184192	642508	297	0	18558764	8380640	0	1981	311
1785484850	request	29	13246416	13241738	562184192	642508	297	0	18557528	8380640	0	1981	311
1785484851	request	30	13246416	13241736	562184192	642508	297	0	18557528	8380640	0	1981	311
1785484852	request	31	13259040	13254362	562184192	643072	297	0	18557276	8380640	0	1981	311
1785484853	request	32	13259040	13254362	562184192	643072	297	0	18556532	8380640	0	1981	311
1785484854	request	33	13259040	13254363	562184192	643072	297	0	18556280	8380640	0	1981	311
1785484855	request	34	13259352	13256930	562184192	643171	297	0	18556280	8380640	0	1981	311
1785484857	request	36	13261608	13256930	562184192	643171	297	0	18556280	8380640	0	1981	311
1785484858	request	37	13261608	13256930	562184192	643171	297	0	18555176	8380640	0	1981	311
1785484859	request	38	13261608	13256929	562184192	643171	297	0	18554208	8380640	0	1981	311
1785484860	request	39	13375984	13371305	700559360	651459	453	0	18554708	8379268	0	2323	453
1785484861	request	40	13375984	13371304	700559360	651459	453	0	18553428	8379268	0	2323	453
1785484862	request	41	13375984	13371306	700559360	651459	453	0	18552840	8379268	0	2323	453
1785484864	request	43	13375984	13371305	700559360	651459	453	0	18552840	8379268	0	2323	453
1785484865	request	44	13380056	13375378	700559360	651644	453	0	18552840	8379268	0	2323	453
1785484866	request	45	13380056	13375379	700559360	651644	453	0	18552840	8379268	0	2323	453
1785484867	request	46	13380056	13375377	700559360	651644	453	0	18551608	8379268	0	2323	453
1785484868	request	47	13380744	13376065	700559360	651671	453	0	18550992	8379268	0	2323	453
1785484870	request	49	13380744	13376065	700559360	651671	453	0	18550852	8379268	0	2323	453
1785484871	request	50	13380744	13376064	700559360	651671	453	0	18550852	8379268	0	2323	453
1785484872	request	51	13380744	13376064	700559360	651671	453	0	18550852	8379268	0	2323	453
1785484873	request	52	13381832	13377153	700559360	651715	453	0	18550852	8379268	0	2323	453
1785484874	request	53	13381832	13377154	700559360	651715	453	0	18550808	8379268	0	2323	453
1785484875	request	54	13381832	13377152	700559360	651715	453	0	18550308	8379268	0	2323	453
1785484877	request	56	13381832	13377342	700559360	652231	453	0	18546512	8379268	0	2323	453
1785484878	request	57	13390260	13385582	700559360	652578	453	0	18546472	8379268	0	2323	453
1785484879	request	58	13390260	13385582	700559360	652578	453	0	18546472	8379268	0	2323	453
1785484880	request	59	13390260	13385583	700559360	652578	453	0	18546472	8379268	0	2323	453
1785484881	request	60	13390260	13385704	700559360	652582	453	0	18546220	8379268	0	2323	453
1785484883	request	62	13390384	13385706	700559360	652582	453	0	18546700	8379268	0	2323	453
1785484884	request	63	13390384	13385706	700559360	652582	453	0	18546700	8379268	0	2323	453
1785484885	request	64	13390384	13385704	700559360	652582	453	0	18546700	8379268	0	2323	453
1785484886	request	65	13391784	13387104	700559360	652632	453	0	18546336	8379268	0	2323	453
1785484887	request	66	13391784	13387106	700559360	652632	453	0	18545056	8379268	0	2323	453
1785484888	request	67	13391784	13387106	700559360	652632	453	0	18544552	8379268	0	2323	453
1785484890	request	69	13391784	13387105	700559360	652632	453	0	18544552	8379268	0	2323	453
1785484891	request	70	13392684	13388006	700559360	652670	453	0	18544552	8379268	0	2323	453
1785484892	request	71	13392684	13388004	700559360	652670	453	0	18544552	8379268	0	2323	453
1785484893	request	72	13392684	13388005	700559360	652670	453	0	18543820	8379268	0	2323	453
1785484894	request	73	13392684	13388004	700559360	652670	453	0	18543196	8379268	0	2323	453
1785484895	request	74	13395976	13391296	700559360	652858	453	0	18543196	8379268	0	2323	453
1785484897	request	76	13395976	13391298	700559360	652858	453	0	18543108	8379268	0	2323	453
1785484898	request	77	13395976	13391296	700559360	652858	453	0	18542856	8379268	0	2323	453
1785484899	request	78	13395976	13391298	700559360	652858	453	0	18543116	8379268	0	2323	453
1785484900	request	79	13396508	13391830	700559360	652892	453	0	18542864	8379268	0	2323	453
1785484901	request	80	13396508	13391828	700559360	652892	453	0	18542108	8379268	0	2323	453
1785484903	request	82	13396508	13391830	700559360	652892	453	0	18542108	8379268	0	2323	453
1785484904	request	83	13396508	13391828	700559360	652892	453	0	18542108	8379268	0	2323	453
1785484905	request	84	13397144	13392464	700559360	652921	453	0	18534096	8379268	0	2323	453
1785484906	request	85	13397144	13392464	700559360	652921	453	0	18533796	8379268	0	2323	453
1785484907	request	86	13397144	13392466	700559360	652921	453	0	18533692	8379268	0	2323	453
1785484908	request	87	13397144	13392465	700559360	652921	453	0	18533188	8379268	0	2323	453
1785484910	request	89	13398096	13393417	708997120	652934	456	0	18530212	8379268	0	2323	456
1785484911	request	90	13398096	13393418	708997120	652934	456	0	18530480	8379268	0	2323	456
1785484912	request	91	13398096	13393417	708997120	652934	456	0	18530880	8379268	0	2323	456
1785484913	request	92	13398096	13393416	708997120	652934	456	0	18530204	8379268	0	2323	456
1785484914	request	93	13399648	13394971	708997120	653040	456	0	18530204	8379268	0	2323	456
1785484915	request	94	13400432	13395752	708997120	653107	456	0	18530204	8379268	0	2323	456
1785484917	request	96	13400432	13395753	708997120	653107	456	0	18529964	8379268	0	2323	456
1785484918	request	97	13400432	13395754	708997120	653107	456	0	18529712	8379268	0	2323	456
1785484919	request	98	13400432	13395754	708997120	653107	456	0	18529712	8379268	0	2323	456
1785484920	request	99	13401384	13396705	708997120	653143	456	0	18529712	8379268	0	2323	456
1785484921	request	100	13401384	13396706	708997120	653143	456	0	18529712	8379268	0	2323	456
1785484923	request	102	13401384	13396706	708997120	653143	456	0	18528716	8379268	0	2323	456
1785484924	request	103	13401384	13396706	708997120	653143	456	0	18527988	8379268	0	2323	456
1785484925	request	104	13401640	13396961	708997120	653150	456	0	18527960	8379268	0	2323	456
1785484926	request	105	13401640	13396960	708997120	653150	456	0	18528772	8379268	0	2323	456
1785484927	request	106	13401640	13396961	708997120	653150	456	0	18527904	8379268	0	2323	456
1785484928	request	107	13401640	13396963	708997120	653150	456	0	18527276	8379268	0	2323	456
1785484930	request	109	13401640	13396962	708997120	653150	456	0	18527276	8379268	0	2323	456
1785484931	request	110	13401640	13396961	708997120	653150	456	0	18527276	8379268	0	2323	456
1785484932	request	111	13401640	13396961	708997120	653150	456	0	18527276	8379268	0	2323	456
1785484933	request	112	13401640	13396960	708997120	653150	456	0	18527024	8379268	0	2323	456
1785484934	request	113	13403472	13398792	708997120	653246	456	0	18526420	8379268	0	2323	456
1785484936	request	115	13403492	13398814	708997120	653251	456	0	18526040	8379268	0	2323	456
1785484937	request	116	13468264	13463585	708997120	669350	456	0	18465772	8376248	0	3075	456
1785484938	request	117	13468264	13463586	708997120	669350	456	0	18464776	8376248	0	3075	456
1785484939	request	118	13468264	13463585	708997120	669350	456	0	18464776	8376248	0	3075	456
1785484940	request	119	13468264	13463586	708997120	669350	456	0	18464776	8376248	0	3075	456
1785484941	request	120	13468264	13463586	708997120	669350	456	0	18463064	8376248	0	3075	456
1785484943	request	122	13542864	13538185	708997120	687182	456	0	18390992	8376248	0	3075	456
1785484944	request	123	13545504	13540825	711041024	687295	457	0	18392724	8376248	0	3075	457
1785484945	request	124	13546316	13541639	711041024	687324	457	0	18392724	8376248	0	3075	457
1785484946	request	125	13547084	13542466	711041024	687365	457	0	18392724	8376248	0	3075	457
1785484947	after	126	13547336	13542716	711041024	687365	457	0	18392240	8376248	0	3075	457
