900492	llama-server	0-15
900497	llama-server	0-15
900498	llama-server	0-15
900499	llama-s:disk$0	0-15
900500	llama-server	0-15
900501	llama-server	0-15
900502	llama-server	0-15
900503	llama-server	0-15
900504	llama-server	0-15
900505	llama-server	0-15
900506	llama-server	0-15
900507	llama-server	0-15
900508	llama-server	0-15
900509	llama-server	0-15
900510	llama-server	0-15
900511	llama-server	0-15
900512	llama-server	0-15
900513	llama-server	0-15
900514	llama-server	0-15
900515	llama-server	0-15
900516	llama-:traceq0	0-15
900521	llama-server	0-15
900522	llama-server	0-15
900523	llama-server	0-15
900524	llama-server	0-15
900525	llama-server	0-15
900526	llama-server	0-15
900527	llama-server	0-15
